file;name;description;tree;sun;people;sky;ground
1raretestnoflags.png;Landscapes #1;Beautiful Views;tree;red;yellow;blue;red
2raretestnoflags.png;Landscapes #2;Beautiful Views;tree;red;yellow;yellow;red
3raretestnoflags.png;Landscapes #3;Beautiful Views;tree;yellow;red;blue;red
4raretestnoflags.png;Landscapes #4;Beautiful Views;tree;white;red;blue;red
5raretestnoflags.png;Landscapes #5;Beautiful Views;tree;red;yellow;yellow;red
6raretestnoflags.png;Landscapes #6;Beautiful Views;tree;white;yellow;blue;blue
7raretestnoflags.png;Landscapes #7;Beautiful Views;tree;white;red;yellow;yellow
8raretestnoflags.png;Landscapes #8;Beautiful Views;tree;red;red;black;yellow
9raretestnoflags.png;Landscapes #9;Beautiful Views;tree;white;red;black;red
